"Bin","BinRA","TopTaxonID","TopTaxonRAinBin","TopTaxon.Kingdom","TopTaxon.Phylum","TopTaxon.Class","TopTaxon.Order","TopTaxon.Family","TopTaxon.Genus","TopTaxon.Species","Kingdom.maxNamed","Kingdom.maxNamed.Percent","Phylum.maxNamed","Phylum.maxNamed.Percent","Class.maxNamed","Class.maxNamed.Percent","Order.maxNamed","Order.maxNamed.Percent","Family.maxNamed","Family.maxNamed.Percent","Genus.maxNamed","Genus.maxNamed.Percent","Species.maxNamed","Species.maxNamed.Percent"
"Bin1",0.00779315669908365,"ASV_140",0.166257250085295,"Bacteria","Chloroflexi","Chloroflexia","Chloroflexales","Roseiflexaceae",NA,NA,"Bacteria",1,"Chloroflexi",1,"Chloroflexia",1,"Chloroflexales",1,"Roseiflexaceae",1,NA,NA,NA,NA
"Bin2",0.00281707592039547,"ASV_204",0.312317130722039,"Bacteria","Chloroflexi","Chloroflexia","Chloroflexales","Roseiflexaceae",NA,NA,"Bacteria",1,"Chloroflexi",1,"Chloroflexia",1,"Chloroflexales",1,"Roseiflexaceae",1,NA,NA,NA,NA
"Bin3",0.000977401706783742,"ASV_451",0.38683351468988,"Bacteria","Chloroflexi","Chloroflexia","Chloroflexales","Roseiflexaceae",NA,NA,"Bacteria",1,"Chloroflexi",1,"Chloroflexia",1,"Chloroflexales",1,"Roseiflexaceae",1,NA,NA,NA,NA
"Bin4",0.00273146021049766,"ASV_315",0.205295434634479,"Bacteria","Chloroflexi","Chloroflexia","Chloroflexales","Roseiflexaceae",NA,NA,"Bacteria",1,"Chloroflexi",1,"Chloroflexia",1,"Chloroflexales",1,"Roseiflexaceae",1,NA,NA,NA,NA
"Bin5",0.0011310845649233,"ASV_581",0.212505876821815,"Bacteria","Chloroflexi","Chloroflexia","Kallotenuales","AKIW781",NA,NA,"Bacteria",1,"Chloroflexi",1,"Chloroflexia",1,"Kallotenuales",1,"AKIW781",1,NA,NA,NA,NA
"Bin6",0.00169981749495878,"ASV_383",0.259659002033474,"Bacteria","Chloroflexi","Chloroflexia","Kallotenuales","AKIW781",NA,NA,"Bacteria",1,"Chloroflexi",1,"Chloroflexia",1,"Kallotenuales",1,"AKIW781",1,NA,NA,NA,NA
"Bin7",0.00189497877155814,"ASV_497",0.177634348253122,"Bacteria","Chloroflexi","Chloroflexia","Chloroflexales","Roseiflexaceae",NA,NA,"Bacteria",1,"Chloroflexi",1,"Chloroflexia",1,"Chloroflexales",1,"Roseiflexaceae",1,NA,NA,NA,NA
"Bin8",0.00212709838255439,"ASV_321",0.25775,"Bacteria","Chloroflexi","Chloroflexia","Chloroflexales","Chloroflexaceae","FFCH7168",NA,"Bacteria",1,"Chloroflexi",1,"Chloroflexia",1,"Chloroflexales",1,"Chloroflexaceae",1,"FFCH7168",1,NA,NA
"Bin9",0.000463973334694676,"ASV_727",0.445272206303725,"Bacteria","Chloroflexi","Chloroflexia","Chloroflexales","Chloroflexaceae","Chloronema",NA,"Bacteria",1,"Chloroflexi",1,"Chloroflexia",1,"Chloroflexales",1,"Chloroflexaceae",1,"Chloronema",0.706597222222222,NA,NA
"Bin10",0.000834620227854779,"ASV_946",0.158330678560051,"Bacteria","Chloroflexi","Chloroflexia","Chloroflexales","Herpetosiphonaceae","Herpetosiphon",NA,"Bacteria",1,"Chloroflexi",1,"Chloroflexia",1,"Chloroflexales",1,"Herpetosiphonaceae",1,"Herpetosiphon",1,NA,NA
"Bin11",0.00647222860351737,"ASV_94",0.275983896146578,"Bacteria","Chloroflexi","Chloroflexia","Thermomicrobiales","JG30-KF-CM45",NA,NA,"Bacteria",1,"Chloroflexi",1,"Chloroflexia",1,"Thermomicrobiales",1,"JG30-KF-CM45",1,NA,NA,NA,NA
"Bin12",0.00961102815427419,"ASV_69",0.222591086397211,"Bacteria","Chloroflexi","Chloroflexia","Thermomicrobiales","JG30-KF-CM45",NA,NA,"Bacteria",1,"Chloroflexi",1,"Chloroflexia",1,"Thermomicrobiales",1,"JG30-KF-CM45",1,NA,NA,NA,NA
"Bin13",0.00379766827475304,"ASV_63",0.617867394805013,"Bacteria","Chloroflexi","Chloroflexia","Thermomicrobiales","Thermomicrobiaceae","Nitrolancea",NA,"Bacteria",1,"Chloroflexi",1,"Chloroflexia",1,"Thermomicrobiales",1,"Thermomicrobiaceae",0.997400772743238,"Nitrolancea",0.996830539512607,"thermophilus",1
"Bin14",0.00182425275033821,"ASV_460",0.217606762862556,"Bacteria","Chloroflexi","Chloroflexia","Thermomicrobiales","AKYG1722",NA,NA,"Bacteria",1,"Chloroflexi",1,"Chloroflexia",1,"Thermomicrobiales",1,"AKYG1722",1,NA,NA,NA,NA
"Bin15",0.00577746509431554,"ASV_33",0.615398775829537,"Bacteria","Chloroflexi","Chloroflexia","Thermomicrobiales","AKYG1722",NA,NA,"Bacteria",1,"Chloroflexi",1,"Chloroflexia",1,"Thermomicrobiales",1,"AKYG1722",1,NA,NA,NA,NA
"Bin16",0.00344084752107954,"ASV_154",0.358163974963295,"Bacteria","Chloroflexi","OLB14",NA,NA,NA,NA,"Bacteria",1,"Chloroflexi",1,"OLB14",0.562915957282154,"S085",1,NA,NA,NA,NA,NA,NA
"Bin17",0.00496704061056232,"ASV_38",0.669557304212837,"Bacteria","Chloroflexi","Dehalococcoidia","S085",NA,NA,NA,"Bacteria",1,"Chloroflexi",1,"Dehalococcoidia",1,"S085",1,NA,NA,NA,NA,NA,NA
"Bin18",0.0013709149075563,"ASV_281",0.4466640806827,"Bacteria","Chloroflexi","Dehalococcoidia","S085",NA,NA,NA,"Bacteria",1,"Chloroflexi",1,"Dehalococcoidia",0.995151280062064,"S085",1,NA,NA,NA,NA,NA,NA
"Bin19",0.000775859135036714,"ASV_539",0.376627827278958,"Bacteria","Chloroflexi","JG30-KF-CM66",NA,NA,NA,NA,"Bacteria",1,"Chloroflexi",1,"JG30-KF-CM66",0.996554100620262,NA,NA,NA,NA,NA,NA,NA,NA
"Bin20",0.0015623537619862,"ASV_374",0.312287270251872,"Bacteria","Chloroflexi","Dehalococcoidia","SAR202 clade",NA,NA,NA,"Bacteria",1,"Chloroflexi",0.997951964252467,"Dehalococcoidia",0.853243596934006,"SAR202 clade",0.895566502463054,NA,NA,NA,NA,NA,NA
"Bin21",0.00136639482349338,"ASV_378",0.334695466043977,"Bacteria","Chloroflexi","TK10",NA,NA,NA,NA,"Bacteria",1,"Chloroflexi",1,"TK10",1,NA,NA,NA,NA,NA,NA,NA,NA
"Bin22",0.00621511558652611,"ASV_180",0.165433155080214,"Bacteria","Chloroflexi","TK10",NA,NA,NA,NA,"Bacteria",1,"Chloroflexi",1,"TK10",1,NA,NA,NA,NA,NA,NA,NA,NA
"Bin23",0.00248498268541917,"ASV_303",0.228653969612669,"Bacteria","Chloroflexi","Anaerolineae","Anaerolineales","Anaerolineaceae","UTCFX1",NA,"Bacteria",1,"Chloroflexi",1,"Anaerolineae",0.730900920179756,"Anaerolineales",0.730900920179756,"Anaerolineaceae",1,"UTCFX1",0.968002392344498,NA,NA
"Bin24",0.00421192068475551,"ASV_299",0.138627611893189,"Bacteria","Chloroflexi","Anaerolineae","SBR1031",NA,NA,NA,"Bacteria",1,"Chloroflexi",1,"Anaerolineae",1,"SBR1031",0.846011957766188,"Anaerolineaceae",1,NA,NA,NA,NA
"Bin25",0.00147035675694072,"ASV_465",0.249909584086799,"Bacteria","Chloroflexi","Anaerolineae","SBR1031",NA,NA,NA,"Bacteria",1,"Chloroflexi",1,"Anaerolineae",1,"SBR1031",1,NA,NA,NA,NA,NA,NA
"Bin26",0.0106288447303265,"ASV_16",0.596522826766729,"Bacteria","Chloroflexi","Anaerolineae","SBR1031",NA,NA,NA,"Bacteria",1,"Chloroflexi",1,"Anaerolineae",1,"SBR1031",1,NA,NA,NA,NA,NA,NA
"Bin27",0.00218612536267027,"ASV_482",0.157504256871807,"Bacteria","Chloroflexi","Anaerolineae","SBR1031","A4b",NA,NA,"Bacteria",1,"Chloroflexi",1,"Anaerolineae",1,"SBR1031",1,"A4b",1,NA,NA,NA,NA
"Bin28",0.00540681820115544,"ASV_237",0.142807966560118,"Bacteria","Chloroflexi","Anaerolineae","SBR1031","A4b","OLB13",NA,"Bacteria",1,"Chloroflexi",1,"Anaerolineae",1,"SBR1031",1,"A4b",1,"OLB13",1,NA,NA
"Bin29",0.00139750363733823,"ASV_685",0.163622526636225,"Bacteria","Chloroflexi","Anaerolineae","SBR1031","A4b",NA,NA,"Bacteria",1,"Chloroflexi",1,"Anaerolineae",1,"SBR1031",0.867942583732057,"A4b",1,NA,NA,NA,NA
"Bin30",0.00121563672562983,"ASV_673",0.183508311461067,"Bacteria","Chloroflexi","Anaerolineae","Caldilineales","Caldilineaceae",NA,NA,"Bacteria",1,"Chloroflexi",1,"Anaerolineae",1,"Caldilineales",1,"Caldilineaceae",1,NA,NA,NA,NA
"Bin31",0.00132970237639431,"ASV_506",0.249350129974005,"Bacteria","Chloroflexi","Anaerolineae","Caldilineales","Caldilineaceae",NA,NA,"Bacteria",1,"Chloroflexi",1,"Anaerolineae",1,"Caldilineales",1,"Caldilineaceae",1,NA,NA,NA,NA
"Bin32",0.00148630999480988,"ASV_368",0.316279069767442,"Bacteria","Chloroflexi","Anaerolineae","Caldilineales","Caldilineaceae",NA,NA,"Bacteria",1,"Chloroflexi",1,"Anaerolineae",1,"Caldilineales",1,"Caldilineaceae",1,"Litorilinea",1,NA,NA
"Bin33",0.00130976082905787,"ASV_489",0.255988631749898,"Bacteria","Chloroflexi","Anaerolineae","Ardenticatenales","Ardenticatenaceae",NA,NA,"Bacteria",1,"Chloroflexi",1,"Anaerolineae",1,"Ardenticatenales",1,"Ardenticatenaceae",1,NA,NA,NA,NA
"Bin34",0.00213534088878679,"ASV_366",0.222637280537916,"Bacteria","Chloroflexi","Anaerolineae","Ardenticatenales",NA,NA,NA,"Bacteria",1,"Chloroflexi",1,"Anaerolineae",1,"Ardenticatenales",1,NA,NA,NA,NA,NA,NA
"Bin35",0.00198405101632761,"ASV_249",0.357678906459394,"Bacteria","Chloroflexi","Gitt-GS-136",NA,NA,NA,NA,"Bacteria",1,"Chloroflexi",1,"Gitt-GS-136",1,NA,NA,NA,NA,NA,NA,NA,NA
"Bin36",0.00603643932239154,"ASV_76",0.355151301590098,"Bacteria","Chloroflexi","KD4-96",NA,NA,NA,NA,"Bacteria",1,"Chloroflexi",1,"KD4-96",1,NA,NA,NA,NA,NA,NA,NA,NA
"Bin37",0.00190641192536437,"ASV_308",0.300278940027894,"Bacteria","Chloroflexi","KD4-96",NA,NA,NA,NA,"Bacteria",1,"Chloroflexi",0.992468619246862,"KD4-96",0.760251046025105,"Ktedonobacterales",0.967625899280576,"Ktedonobacteraceae",1,"Thermosporothrix",0.780669144981413,NA,NA
"Bin38",0.00184738494524849,"ASV_358",0.268710420264824,"Bacteria","Chloroflexi","KD4-96",NA,NA,NA,NA,"Bacteria",1,"Chloroflexi",1,"KD4-96",1,NA,NA,NA,NA,NA,NA,NA,NA
"Bin39",0.00144562923824353,"ASV_429",0.266691189994482,"Bacteria","Armatimonadota",NA,NA,NA,NA,NA,"Bacteria",1,"Armatimonadota",1,NA,NA,NA,NA,NA,NA,NA,NA,NA,NA
"Bin40",0.000688648101351984,"ASV_576",0.406177606177606,"Bacteria","Armatimonadota","Fimbriimonadia","Fimbriimonadales","Fimbriimonadaceae",NA,NA,"Bacteria",1,"Armatimonadota",1,"Fimbriimonadia",1,"Fimbriimonadales",1,"Fimbriimonadaceae",1,NA,NA,NA,NA
"Bin41",0.000103696046149527,"ASV_2029",0.282051282051282,"Bacteria","Armatimonadota","Armatimonadia","Armatimonadales",NA,NA,NA,"Bacteria",1,"Armatimonadota",1,"Armatimonadia",1,"Armatimonadales",1,NA,NA,NA,NA,NA,NA
"Bin42",0.000957991934042933,"ASV_712",0.217318900915903,"Bacteria","Armatimonadota","Chthonomonadetes","Chthonomonadales",NA,NA,NA,"Bacteria",1,"Armatimonadota",0.913127948931446,"Chthonomonadetes",1,"Chthonomonadales",1,"Chthonomonadaceae",1,"Chthonomonas",1,NA,NA
"Bin43",0.000415581846491564,"ASV_1184",0.242482405630198,"Bacteria","Cyanobacteria","Sericytochromatia",NA,NA,NA,NA,"Bacteria",1,"Cyanobacteria",1,"Sericytochromatia",1,NA,NA,NA,NA,NA,NA,NA,NA
"Bin44",0.000315342335213688,"ASV_864",0.48397976391231,"Bacteria","Cyanobacteria","Sericytochromatia",NA,NA,NA,NA,"Bacteria",1,"Cyanobacteria",0.929173693086003,"Sericytochromatia",1,NA,NA,NA,NA,NA,NA,NA,NA
"Bin45",0.000636268303681582,"ASV_843",0.277475971583786,"Bacteria","Cyanobacteria","Vampirivibrionia","Obscuribacterales","Obscuribacteraceae",NA,NA,"Bacteria",1,"Cyanobacteria",1,"Vampirivibrionia",1,"Obscuribacterales",1,"Obscuribacteraceae",1,NA,NA,NA,NA
"Bin46",0.00420926181177732,"ASV_85",0.467500473754027,"Bacteria","Cyanobacteria","Cyanobacteriia","Oxyphotobacteria Incertae Sedis","Unknown Family","Leptolyngbya ANT.L52.2",NA,"Bacteria",1,"Cyanobacteria",1,"Cyanobacteriia",1,"Oxyphotobacteria Incertae Sedis",0.997915482281599,"Unknown Family",0.997915482281599,"Leptolyngbya ANT.L52.2",0.540839142443772,NA,NA
"Bin47",0.0109088240549302,"ASV_10",0.645437262357414,"Bacteria","Cyanobacteria","Cyanobacteriia","Cyanobacteriales",NA,NA,NA,"Bacteria",1,"Cyanobacteria",1,"Cyanobacteriia",0.948815443112021,"Cyanobacteriales",0.942146743771808,"Coleofasciculaceae",0.453601315002989,"Microcoleus Es-Yyy1400",0.341970286522816,"cf./epilithica",0.538983050847458
"Bin48",0.000209519190681607,"ASV_1314",0.369289340101523,"Bacteria","Patescibacteria","Microgenomatia","Candidatus Pacebacteria",NA,NA,NA,"Bacteria",1,"Patescibacteria",0.993654822335025,"Microgenomatia",0.993654822335025,"Candidatus Pacebacteria",0.949677419354839,NA,NA,NA,NA,NA,NA
"Bin49",0.00254002135606776,"ASV_361",0.198367005129279,"Bacteria","Actinobacteriota","Actinobacteria","Micromonosporales","Micromonosporaceae",NA,NA,"Bacteria",1,"Actinobacteriota",1,"Actinobacteria",1,"Micromonosporales",1,"Micromonosporaceae",1,"Phytohabitans",0.307044567673034,"caeruleus",0.388772845953003
"Bin50",0.000357618415566957,"ASV_1542",0.178438661710037,"Bacteria","Actinobacteriota","Actinobacteria","Micromonosporales","Micromonosporaceae","Luedemannella",NA,"Bacteria",1,"Actinobacteriota",1,"Actinobacteria",1,"Micromonosporales",1,"Micromonosporaceae",1,"Luedemannella",0.555555555555556,NA,NA
"Bin51",0.00272906722481728,"ASV_283",0.22885814497272,"Bacteria","Actinobacteriota","Actinobacteria","Micromonosporales","Micromonosporaceae","Dactylosporangium","aurantiacum/cerinum/darangshiense/fulvum/luridum/luteum/maewongense/matsuzakiense/salmoneum/siamense/solaniradicis/thailandense/vinaceum","Bacteria",1,"Actinobacteriota",1,"Actinobacteria",1,"Micromonosporales",1,"Micromonosporaceae",1,"Dactylosporangium",0.293285784554845,"aurantiacum/cerinum/darangshiense/fulvum/luridum/luteum/maewongense/matsuzakiense/salmoneum/siamense/solaniradicis/thailandense/vinaceum",0.5538788021693
"Bin52",0.00160409806774383,"ASV_500",0.19923752693519,"Bacteria","Actinobacteriota","Actinobacteria","Micromonosporales","Micromonosporaceae","Catellatospora","chokoriensis/citrea/coxensis/methionotrophica/paridis/vulcania","Bacteria",1,"Actinobacteriota",1,"Actinobacteria",1,"Micromonosporales",0.997513674788662,"Micromonosporaceae",0.997513674788662,"Actinoplanes",0.364103472714387,"chokoriensis/citrea/coxensis/methionotrophica/paridis/vulcania",0.329044620859567
"Bin53",0.00839539142864436,"ASV_35",0.419002375296912,"Bacteria","Actinobacteriota","Actinobacteria","Pseudonocardiales","Pseudonocardiaceae","Lechevalieria",NA,"Bacteria",1,"Actinobacteriota",1,"Actinobacteria",1,"Pseudonocardiales",1,"Pseudonocardiaceae",1,"Lechevalieria",0.690180206225306,"bullii/kentuckyensis/lexingtonensis/mediterranei/pretoriensis/rifamycinica/stemonae/tolypomycina/vancoresmycina",0.236282433007231
"Bin54",0.00130311364661238,"ASV_445",0.276882268924709,"Bacteria","Actinobacteriota","Actinobacteria","Pseudonocardiales","Pseudonocardiaceae","Pseudonocardia",NA,"Bacteria",1,"Actinobacteriota",1,"Actinobacteria",1,"Pseudonocardiales",1,"Pseudonocardiaceae",1,"Pseudonocardia",0.822077127116915,"viridis",0.914893617021277
"Bin55",0.00798964741217211,"ASV_62",0.288994642084595,"Bacteria","Actinobacteriota","Actinobacteria","Corynebacteriales","Mycobacteriaceae","Mycobacterium","abscessus/neglectum/tusciae","Bacteria",1,"Actinobacteriota",1,"Actinobacteria",1,"Corynebacteriales",1,"Mycobacteriaceae",0.960031947818563,"Mycobacterium",0.960031947818563,"abscessus/neglectum/tusciae",0.477352682497801
"Bin56",0.00259080582995125,"ASV_304",0.223419540229885,"Bacteria","Actinobacteriota","Actinobacteria","Corynebacteriales","Mycobacteriaceae","Mycobacterium","arcueilense/boenickei/conceptionense/farcinogenes/fortuitum/houstonense/lutetiense/neworleansense/peregrinum/porcinum/senegalense/septicum/setense/syngnathidarum/vulneris","Bacteria",1,"Actinobacteriota",1,"Actinobacteria",1,"Corynebacteriales",1,"Mycobacteriaceae",1,"Mycobacterium",1,"arcueilense/boenickei/conceptionense/farcinogenes/fortuitum/houstonense/lutetiense/neworleansense/peregrinum/porcinum/senegalense/septicum/setense/syngnathidarum/vulneris",0.54425
"Bin57",0.00172826743582544,"ASV_365",0.275384615384615,"Bacteria","Actinobacteriota","Actinobacteria","Corynebacteriales","Nocardiaceae","Nocardia","asteroides/carnea/flavorosea/rhamnosiphila/sienata/testacea","Bacteria",1,"Actinobacteriota",1,"Actinobacteria",1,"Corynebacteriales",1,"Nocardiaceae",1,"Nocardia",0.575185010234609,"asteroides/carnea/flavorosea/rhamnosiphila/sienata/testacea",0.36205501618123
"Bin58",0.0147508955084191,"ASV_34",0.237679801002199,"Bacteria","Actinobacteriota","Actinobacteria","Frankiales","Geodermatophilaceae","Blastococcus","saxobsidens","Bacteria",1,"Actinobacteriota",1,"Actinobacteria",1,"Frankiales",1,"Geodermatophilaceae",0.992981339721874,"Blastococcus",0.923543394036946,"saxobsidens",0.619817617749365
"Bin59",0.0101404097642324,"ASV_56",0.266558288321359,"Bacteria","Actinobacteriota","Actinobacteria","Streptomycetales","Streptomycetaceae","Streptomyces","achromogenes/akiyoshiensis/albidoflavus/alboflavus/albogriseolus/albus/alfalfae/ambofaciens/andamanensis/anthocyanicus/aurantiacus/aurantiogriseus/avidinii/bellus/brunneogriseus/cacaoi/caesius/carnosus/chartreusis/chromofuscus/cinereospinus/cinnamocastaneus/coelescens/coelicoflavus/coeruleofuscus/coeruleorubidus/coerulescens/cyanocolor/cyanogenus/daghestanicus/diastaticus/djakartensis/enissocaesilis/eurythermus/exfoliatus/fabae/finlayi/flaveolus/flavofungini/flavorectus/flavotricini/fradiae/fulvissimus/fungicidicus/geysiriensis/globisporus/glomeratus/goshikiensis/gougerotii/graminearus/griseoaurantiacus/griseochromogenes/griseodotifer/griseorubens/griseoruber/griseoviridis/griseus/heteromorphus/humiferus/hydrogenans/iakyrus/intermedius/jietaisiensis/koyangensis/krainskii/lasiicapitis/lazureus/levis/lienomycini/litmocidini/lividans/lomondensis/luteocolor/luteus/malachitospinus/maritimus/marokkonensis/minutiscleroticus/misionensis/muensis/multispiralis/mutabilis/nigra/nogalater/olivaceus/olivoverticillatus/owasiensis/pactum/paradoxus/parvulus/paulus/plicatus/radiopugnans/resistomycificus/rochei/rubrocyanodiastaticus/rubrogriseus/rutgersensis/sahachiroi/saprophyticus/sclerogranulatus/shandonggensis/silaceus/sioyaensis/somaliensis/spinoverrucosus/tendae/thermocarboxydus/thermocoerulescens/thinghirensis/tricolor/vellosus/vinaceus/vinaceusdrappus/violaceochromogenes/violaceolatus/violaceoruber/violaceorubidus/violascens/viridochromogenes/viridodiastaticus/viridosporus/ziwulingensis","Bacteria",1,"Actinobacteriota",1,"Actinobacteria",1,"Streptomycetales",1,"Streptomycetaceae",1,"Streptomyces",1,"achromogenes/akiyoshiensis/albidoflavus/alboflavus/albogriseolus/albus/alfalfae/ambofaciens/andamanensis/anthocyanicus/aurantiacus/aurantiogriseus/avidinii/bellus/brunneogriseus/cacaoi/caesius/carnosus/chartreusis/chromofuscus/cinereospinus/cinnamocastaneus/coelescens/coelicoflavus/coeruleofuscus/coeruleorubidus/coerulescens/cyanocolor/cyanogenus/daghestanicus/diastaticus/djakartensis/enissocaesilis/eurythermus/exfoliatus/fabae/finlayi/flaveolus/flavofungini/flavorectus/flavotricini/fradiae/fulvissimus/fungicidicus/geysiriensis/globisporus/glomeratus/goshikiensis/gougerotii/graminearus/griseoaurantiacus/griseochromogenes/griseodotifer/griseorubens/griseoruber/griseoviridis/griseus/heteromorphus/humiferus/hydrogenans/iakyrus/intermedius/jietaisiensis/koyangensis/krainskii/lasiicapitis/lazureus/levis/lienomycini/litmocidini/lividans/lomondensis/luteocolor/luteus/malachitospinus/maritimus/marokkonensis/minutiscleroticus/misionensis/muensis/multispiralis/mutabilis/nigra/nogalater/olivaceus/olivoverticillatus/owasiensis/pactum/paradoxus/parvulus/paulus/plicatus/radiopugnans/resistomycificus/rochei/rubrocyanodiastaticus/rubrogriseus/rutgersensis/sahachiroi/saprophyticus/sclerogranulatus/shandonggensis/silaceus/sioyaensis/somaliensis/spinoverrucosus/tendae/thermocarboxydus/thermocoerulescens/thinghirensis/tricolor/vellosus/vinaceus/vinaceusdrappus/violaceochromogenes/violaceolatus/violaceoruber/violaceorubidus/violascens/viridochromogenes/viridodiastaticus/viridosporus/ziwulingensis",0.26859362202436
"Bin60",0.0304970071725757,"ASV_6",0.334771881184666,"Bacteria","Actinobacteriota","Actinobacteria","Streptomycetales","Streptomycetaceae","Streptomyces","achromogenes/adustus/albidoflavus/alboniger/antibioticus/aurantiacus/aureocirculatus/aureus/avermitilis/bobili/bungoensis/caeruleatus/canarius/canus/capoamus/cellostaticus/cellulosae/chartreusis/cinnabarigriseus/cinnamonensis/ciscaucasicus/coralus/corchorusii/curacoi/cyaneus/cyslabdanicus/diastatochromogenes/fimbriatus/flaveolus/flaveus/galbus/galilaeus/globifer/glomeroaurantiacus/graminifolii/griseochromogenes/griseoruber/griseus/hygroscopicus/indigocolor/lasaliensis/lincolnensis/longwoodensis/lucensis/minoensis/mirabilis/moderatus/natalensis/neopeptinius/novaecaesareae/olivaceoviridis/olivochromogenes/osmaniensis/panayensis/peruviensis/phaeoluteigriseus/plumbeus/plumbiresistens/pratensis/prunicolor/pseudovenezuelae/rameus/regalis/regensis/resistomycificus/rhizosphaerihabitans/rishiriensis/roseogriseus/rubiginosohelvolus/scabiei/shaanxiensis/sioyaensis/spinichromogenes/sviceus/triangulatus/tumescens/violaceoruber/viridochromogenes/yokosukanensis","Bacteria",1,"Actinobacteriota",1,"Actinobacteria",1,"Streptomycetales",1,"Streptomycetaceae",1,"Streptomyces",1,"achromogenes/adustus/albidoflavus/alboniger/antibioticus/aurantiacus/aureocirculatus/aureus/avermitilis/bobili/bungoensis/caeruleatus/canarius/canus/capoamus/cellostaticus/cellulosae/chartreusis/cinnabarigriseus/cinnamonensis/ciscaucasicus/coralus/corchorusii/curacoi/cyaneus/cyslabdanicus/diastatochromogenes/fimbriatus/flaveolus/flaveus/galbus/galilaeus/globifer/glomeroaurantiacus/graminifolii/griseochromogenes/griseoruber/griseus/hygroscopicus/indigocolor/lasaliensis/lincolnensis/longwoodensis/lucensis/minoensis/mirabilis/moderatus/natalensis/neopeptinius/novaecaesareae/olivaceoviridis/olivochromogenes/osmaniensis/panayensis/peruviensis/phaeoluteigriseus/plumbeus/plumbiresistens/pratensis/prunicolor/pseudovenezuelae/rameus/regalis/regensis/resistomycificus/rhizosphaerihabitans/rishiriensis/roseogriseus/rubiginosohelvolus/scabiei/shaanxiensis/sioyaensis/spinichromogenes/sviceus/triangulatus/tumescens/violaceoruber/viridochromogenes/yokosukanensis",0.339652015462048
"Bin61",0.00409386672452374,"ASV_57",0.642462817431967,"Bacteria","Actinobacteriota","Actinobacteria","Streptomycetales","Streptomycetaceae","Streptomyces",NA,"Bacteria",1,"Actinobacteriota",1,"Actinobacteria",1,"Streptomycetales",0.729404769769439,"Streptomycetaceae",0.741803278688525,"Streptomyces",0.965038021151997,"polymorpha",0.627831715210356
"Bin62",0.00633742374352299,"ASV_127",0.225802391441158,"Bacteria","Actinobacteriota","Actinobacteria","Micrococcales","Intrasporangiaceae","Knoellia",NA,"Bacteria",1,"Actinobacteriota",1,"Actinobacteria",1,"Micrococcales",0.95359765051395,"Intrasporangiaceae",0.899349695825467,"Knoellia",0.349268578115857,"aerolatum",0.495921696574225
"Bin63",0.00696810841395036,"ASV_93",0.263135803411302,"Bacteria","Actinobacteriota","Actinobacteria","Micrococcales","Promicromonosporaceae","Isoptericola","hypogeus/variabilis","Bacteria",1,"Actinobacteriota",1,"Actinobacteria",1,"Micrococcales",0.917388483992826,"Promicromonosporaceae",0.90288362118485,"Isoptericola",0.499202675897476,"hypogeus/variabilis",0.390730352994504
"Bin64",0.00138580459623419,"ASV_333",0.354950115118956,"Bacteria","Actinobacteriota","Actinobacteria","Micrococcales","Cellulomonadaceae","Cellulomonas","chitinilytica/humilata/soli/terrae/xylanilytica","Bacteria",1,"Actinobacteriota",1,"Actinobacteria",1,"Micrococcales",1,"Cellulomonadaceae",1,"Cellulomonas",1,"chitinilytica/humilata/soli/terrae/xylanilytica",0.58879694462126
"Bin65",0.00239963286281917,"ASV_273",0.253518005540166,"Bacteria","Actinobacteriota","Actinobacteria","Micrococcales","Microbacteriaceae","Microbacterium","hibisci/insulae/takaoensis/trichothecenolyticum/yannicii","Bacteria",1,"Actinobacteriota",1,"Actinobacteria",1,"Micrococcales",1,"Microbacteriaceae",1,"Microbacterium",0.724987172909184,"hibisci/insulae/takaoensis/trichothecenolyticum/yannicii",0.45021645021645
"Bin66",0.00732466328032604,"ASV_117",0.207819079425004,"Bacteria","Actinobacteriota","Actinobacteria","Micrococcales","Microbacteriaceae","Agromyces","binzhouensis/italicus/neolithicus","Bacteria",1,"Actinobacteriota",1,"Actinobacteria",1,"Micrococcales",1,"Microbacteriaceae",1,"Agromyces",1,"ramosus",0.34120619575964
"Bin67",0.00162191251669772,"ASV_277",0.324918032786885,"Bacteria","Actinobacteriota","Actinobacteria","Micrococcales","Micrococcaceae","Pseudarthrobacter",NA,"Bacteria",1,"Actinobacteriota",1,"Actinobacteria",1,"Micrococcales",1,"Micrococcaceae",1,"Pseudarthrobacter",0.714675501851491,NA,NA
"Bin68",0.210946739583599,"ASV_1",0.61593533399969,"Bacteria","Actinobacteriota","Actinobacteria","Micrococcales","Micrococcaceae","Pseudarthrobacter",NA,"Bacteria",1,"Actinobacteriota",1,"Actinobacteria",1,"Micrococcales",0.999878992766036,"Micrococcaceae",0.999878992766036,"Pseudarthrobacter",0.968721007976532,"aurescens/nicotinovorans/nitroguajacolicus",0.815230257595401
"Bin69",0.00343393445133624,"ASV_122",0.437243515292296,"Bacteria","Actinobacteriota","Actinobacteria","Micrococcales","Micrococcaceae","Pseudarthrobacter",NA,"Bacteria",1,"Actinobacteriota",1,"Actinobacteria",1,"Micrococcales",1,"Micrococcaceae",1,"Pseudarthrobacter",1,NA,NA
"Bin70",0.0033520411636079,"ASV_150",0.379868327119854,"Bacteria","Actinobacteriota","Actinobacteria","Propionibacteriales","Nocardioidaceae","Aeromicrobium",NA,"Bacteria",1,"Actinobacteriota",1,"Actinobacteria",1,"Propionibacteriales",1,"Nocardioidaceae",1,"Aeromicrobium",0.969249106078665,"ginsengisoli",0.746234939759036
"Bin71",0.00527387455224579,"ASV_68",0.423140912528359,"Bacteria","Actinobacteriota","Actinobacteria","Propionibacteriales","Nocardioidaceae","Marmoricola",NA,"Bacteria",1,"Actinobacteriota",1,"Actinobacteria",1,"Propionibacteriales",1,"Nocardioidaceae",0.859843710612553,"Marmoricola",0.647737449296739,"phosphati",1
"Bin72",0.0116208702384903,"ASV_22",0.417379764792019,"Bacteria","Actinobacteriota","Actinobacteria","Propionibacteriales","Nocardioidaceae","Kribbella","pittospori/swartbergensis","Bacteria",1,"Actinobacteriota",1,"Actinobacteria",1,"Propionibacteriales",0.999885599231227,"Nocardioidaceae",0.999885599231227,"Kribbella",0.513489393835381,"pittospori/swartbergensis",0.432664484606992
"Bin73",0.000756449362295905,"ASV_592",0.325834797891037,"Bacteria","Actinobacteriota","Actinobacteria","Propionibacteriales","Nocardioidaceae","Nocardioides",NA,"Bacteria",1,"Actinobacteriota",1,"Actinobacteria",1,"Propionibacteriales",1,"Nocardioidaceae",1,"Nocardioides",1,"aquiterrae",1
"Bin74",0.00214996469016685,"ASV_225",0.360375958446698,"Bacteria","Actinobacteriota","Actinobacteria","Propionibacteriales","Nocardioidaceae","Nocardioides","alpinus","Bacteria",1,"Actinobacteriota",1,"Actinobacteria",1,"Propionibacteriales",1,"Nocardioidaceae",1,"Nocardioides",1,"alpinus",0.786504723346829
"Bin75",0.00125551982030273,"ASV_270",0.495764506565015,"Bacteria","Actinobacteriota","Actinobacteria","Propionibacteriales","Nocardioidaceae","Nocardioides",NA,"Bacteria",1,"Actinobacteriota",1,"Actinobacteria",1,"Propionibacteriales",1,"Nocardioidaceae",1,"Nocardioides",1,"kongjuensis/panaciterrae",0.807909604519774
"Bin76",0.00507233198049876,"ASV_171",0.212874141636526,"Bacteria","Actinobacteriota","Actinobacteria","Propionibacteriales","Nocardioidaceae","Nocardioides",NA,"Bacteria",1,"Actinobacteriota",1,"Actinobacteria",1,"Propionibacteriales",1,"Nocardioidaceae",1,"Nocardioides",1,NA,NA
"Bin77",0.00369290867941224,"ASV_130",0.399236806105551,"Bacteria","Actinobacteriota","Actinobacteria","Streptosporangiales","Streptosporangiaceae","Nonomuraea","bangladeshensis/candida/coxensis/endophytica/fastidiosa/gerenzanensis/guangzhouensis/jiangxiensis/kuesteri/maheshkhaliensis/rubescens/salmonea/spiralis/terrinata/wenchangensis","Bacteria",1,"Actinobacteriota",1,"Actinobacteria",1,"Streptosporangiales",1,"Streptosporangiaceae",1,"Nonomuraea",0.69301793208699,"bangladeshensis/candida/coxensis/endophytica/fastidiosa/gerenzanensis/guangzhouensis/jiangxiensis/kuesteri/maheshkhaliensis/rubescens/salmonea/spiralis/terrinata/wenchangensis",0.515143069490896
"Bin78",0.00290535050327148,"ASV_81",0.715383911412098,"Bacteria","Actinobacteriota","Actinobacteria","Streptosporangiales","Thermomonosporaceae","Actinomadura","glauciflava/madurae/maheshkhaliensis/mexicana/sediminis","Bacteria",1,"Actinobacteriota",1,"Actinobacteria",1,"Streptosporangiales",0.934108172416949,"Thermomonosporaceae",0.934108172416949,"Actinomadura",0.89211779570415,"glauciflava/madurae/maheshkhaliensis/mexicana/sediminis",0.935719415848695
"Bin79",0.00710105206286001,"ASV_49",0.390721533680308,"Bacteria","Actinobacteriota","Actinobacteria","0319-7L14",NA,NA,NA,"Bacteria",1,"Actinobacteriota",1,"Actinobacteria",1,"0319-7L14",1,NA,NA,NA,NA,NA,NA
"Bin80",0.00403670095549259,"ASV_59",0.594651561059149,"Bacteria","Actinobacteriota",NA,NA,NA,NA,NA,"Bacteria",1,"Actinobacteriota",1,"Actinobacteria",0.67524235645041,"Euzebyales",1,"Euzebyaceae",1,NA,NA,NA,NA
"Bin81",0.000387663680220538,"ASV_1202",0.229080932784636,"Bacteria","GAL15",NA,NA,NA,NA,NA,"Bacteria",1,"GAL15",0.503481894150418,"MB-A2-108",0.957654723127036,"Nitriliruptorales",1,"Nitriliruptoraceae",1,NA,NA,NA,NA
"Bin82",0.0031701742518995,"ASV_227",0.24851128071794,"Bacteria","Actinobacteriota","MB-A2-108",NA,NA,NA,NA,"Bacteria",1,"Actinobacteriota",1,"MB-A2-108",1,NA,NA,NA,NA,NA,NA,NA,NA
"Bin83",0.00251954803413567,"ASV_97",0.695546644153651,"Bacteria","Actinobacteriota","MB-A2-108",NA,NA,NA,NA,"Bacteria",1,"Actinobacteriota",1,"MB-A2-108",1,NA,NA,NA,NA,NA,NA,NA,NA
"Bin84",0.00148152402344913,"ASV_430",0.27745872218234,"Bacteria","Actinobacteriota","Acidimicrobiia","IMCC26256",NA,NA,NA,"Bacteria",1,"Actinobacteriota",1,"Acidimicrobiia",1,"Microtrichales",0.629023458810693,"Iamiaceae",1,"Iamia",1,NA,NA
"Bin85",0.0014163816354834,"ASV_495",0.232025530317252,"Bacteria","Actinobacteriota","Acidimicrobiia","IMCC26256",NA,NA,NA,"Bacteria",1,"Actinobacteriota",1,"Acidimicrobiia",1,"IMCC26256",0.862211376009011,NA,NA,NA,NA,NA,NA
"Bin86",0.00923187286758387,"ASV_80",0.22389908124766,"Bacteria","Actinobacteriota","Acidimicrobiia","Microtrichales","Ilumatobacteraceae","Ilumatobacter",NA,"Bacteria",1,"Actinobacteriota",1,"Acidimicrobiia",1,"Microtrichales",1,"Ilumatobacteraceae",1,"Ilumatobacter",0.899676025917927,NA,NA
"Bin87",0.000488169078796232,"ASV_900",0.303376906318083,"Bacteria","Actinobacteriota","Acidimicrobiia","Microtrichales","Ilumatobacteraceae",NA,NA,"Bacteria",1,"Actinobacteriota",1,"Acidimicrobiia",1,"Microtrichales",1,"Ilumatobacteraceae",1,"Ilumatobacter",1,NA,NA
"Bin88",0.00101861423794573,"ASV_513",0.329678935003915,"Bacteria","Actinobacteriota","Acidimicrobiia",NA,NA,NA,NA,"Bacteria",1,"Actinobacteriota",1,"Acidimicrobiia",1,"Microtrichales",1,"Ilumatobacteraceae",1,NA,NA,NA,NA
"Bin89",0.000717895704112107,"ASV_653",0.332962962962963,"Bacteria","Actinobacteriota","Acidimicrobiia",NA,NA,NA,NA,"Bacteria",1,"Actinobacteriota",1,"Acidimicrobiia",1,"IMCC26256",0.775330396475771,NA,NA,NA,NA,NA,NA
"Bin90",0.00182664573601858,"ASV_291",0.33391557496361,"Bacteria","Actinobacteriota","Acidimicrobiia","Microtrichales",NA,NA,NA,"Bacteria",1,"Actinobacteriota",1,"Acidimicrobiia",1,"Microtrichales",0.975945017182131,"Iamiaceae",0.974226804123711,"Iamia",1,NA,NA
"Bin91",0.000403351030791876,"ASV_892",0.352669742913645,"Bacteria","Actinobacteriota","Acidimicrobiia","Microtrichales",NA,NA,NA,"Bacteria",1,"Actinobacteriota",1,"Acidimicrobiia",1,"Microtrichales",1,NA,NA,NA,NA,NA,NA
"Bin92",0.00215076235206031,"ASV_342",0.231425392508345,"Bacteria","Actinobacteriota","Acidimicrobiia","Microtrichales","Iamiaceae","Iamia",NA,"Bacteria",1,"Actinobacteriota",1,"Acidimicrobiia",1,"Microtrichales",1,"Iamiaceae",1,"Iamia",1,NA,NA
"Bin93",0.00208934238626405,"ASV_230",0.372995673199287,"Bacteria","Actinobacteriota","Acidimicrobiia","Microtrichales",NA,NA,NA,"Bacteria",1,"Actinobacteriota",1,"Acidimicrobiia",1,"Microtrichales",1,"Microtrichaceae",0.974770642201835,"CL500-29 marine group",1,NA,NA
"Bin94",0.00902394900068918,"ASV_60",0.291758743628274,"Bacteria","Actinobacteriota","Acidimicrobiia","Actinomarinales",NA,NA,NA,"Bacteria",1,"Actinobacteriota",1,"Acidimicrobiia",1,"Actinomarinales",1,NA,NA,NA,NA,NA,NA
"Bin95",0.000328902587402473,"ASV_970",0.355699272433306,"Bacteria","Actinobacteriota","Rubrobacteria","Rubrobacterales","Rubrobacteriaceae","Rubrobacter",NA,"Bacteria",1,"Actinobacteriota",1,"Rubrobacteria",0.797231270358306,"Rubrobacterales",0.797231270358306,"Rubrobacteriaceae",0.920112781954887,"Rubrobacter",0.920112781954887,NA,NA
"Bin96",0.00126668708681114,"ASV_415",0.327875734676742,"Bacteria","Actinobacteriota","Actinobacteria","Micrococcales",NA,NA,NA,"Bacteria",1,"Firmicutes",0.564321250888415,"Bacilli",0.564321250888415,"Micrococcales",0.51171875,"Bacillaceae",0.500723589001447,"Falsarthrobacter",0.504545454545455,NA,NA
"Bin97",0.000712577958155721,"ASV_360",0.602611940298508,"Bacteria","Firmicutes","Bacilli","Bacillales","Planococcaceae","Filibacter",NA,"Bacteria",1,"Firmicutes",1,"Bacilli",1,"Bacillales",1,"Planococcaceae",0.99589552238806,"Filibacter",1,NA,NA
"Bin98",0.000192768290918992,"ASV_1696",0.172413793103448,"Bacteria","Actinobacteriota","Actinobacteria",NA,NA,NA,NA,"Bacteria",1,"Actinobacteriota",0.537102473498233,"Actinobacteria",0.537102473498233,"Bacillales",0.874074074074074,"Planococcaceae",1,"[Renibacterium] salmoninarum group",1,NA,NA
"Bin99",0.000214039274744535,"ASV_2032",0.136645962732919,"Bacteria","Proteobacteria","Gammaproteobacteria","Enterobacterales","Enterobacteriaceae",NA,NA,"Bacteria",1,"Proteobacteria",0.609756097560976,"Gammaproteobacteria",0.539152759948652,"Burkholderiales",0.23490813648294,"Comamonadaceae",0.291056910569106,"Hyalangium",0.368217054263566,NA,NA
"Bin100",0.00680591716228059,"ASV_67",0.337148884634918,"Bacteria","Nitrospirota","Nitrospiria","Nitrospirales","Nitrospiraceae","Nitrospira","nitrificans","Bacteria",1,"Nitrospirota",1,"Nitrospiria",1,"Nitrospirales",1,"Nitrospiraceae",1,"Nitrospira",1,"nitrificans",1
"Bin101",0.00348897312198484,"ASV_160",0.335238530711782,"Bacteria","Acidobacteriota","Acidobacteriae","Solibacterales","Solibacteraceae","Candidatus Solibacter",NA,"Bacteria",1,"Acidobacteriota",1,"Acidobacteriae",1,"Solibacterales",0.974317939338515,"Solibacteraceae",1,"Candidatus Solibacter",1,NA,NA
"Bin102",0.0150744803498651,"ASV_66",0.152958814710292,"Bacteria","Acidobacteriota","Acidobacteriae","Bryobacterales","Bryobacteraceae","Bryobacter",NA,"Bacteria",1,"Acidobacteriota",1,"Acidobacteriae",1,"Bryobacterales",0.972212736128835,"Bryobacteraceae",1,"Bryobacter",1,NA,NA
"Bin103",0.00969823918795892,"ASV_64",0.235448937628513,"Bacteria","Acidobacteriota","Acidobacteriae","Bryobacterales","Bryobacteraceae","Bryobacter",NA,"Bacteria",1,"Acidobacteriota",1,"Acidobacteriae",1,"Bryobacterales",1,"Bryobacteraceae",1,"Bryobacter",1,NA,NA
"Bin104",0.00376629357361037,"ASV_196",0.255559477585598,"Bacteria","Acidobacteriota","Acidobacteriae","Bryobacterales","Bryobacteraceae","Bryobacter",NA,"Bacteria",1,"Acidobacteriota",1,"Acidobacteriae",1,"Bryobacterales",1,"Bryobacteraceae",1,"Bryobacter",1,NA,NA
"Bin105",0.000816539891603066,"ASV_747",0.243243243243243,"Bacteria","Acidobacteriota","Subgroup 5",NA,NA,NA,NA,"Bacteria",1,"Acidobacteriota",1,"Subgroup 5",1,NA,NA,NA,NA,NA,NA,NA,NA
"Bin106",0.00344191107027082,"ASV_355",0.145229818462727,"Bacteria","Acidobacteriota","Subgroup 11",NA,NA,NA,NA,"Bacteria",1,"Acidobacteriota",1,"Subgroup 5",0.456933178833526,"Acidobacteriales",0.986060606060606,"Koribacteraceae",1,"Candidatus Koribacter",1,NA,NA
"Bin107",5.55704452442334e-05,"ASV_3427",0.215311004784689,"Bacteria","Acidobacteriota","Blastocatellia","Pyrinomonadales","Pyrinomonadaceae","RB41",NA,"Bacteria",1,"Acidobacteriota",1,"Blastocatellia",1,"Pyrinomonadales",0.779904306220096,"Pyrinomonadaceae",1,"RB41",1,NA,NA
"Bin108",0.0100651636589496,"ASV_18",0.552608638224805,"Bacteria","Acidobacteriota","Blastocatellia","Blastocatellales","Blastocatellaceae",NA,NA,"Bacteria",1,"Acidobacteriota",1,"Blastocatellia",1,"Blastocatellales",1,"Blastocatellaceae",1,"JGI 0001001-H03",0.608536178726242,NA,NA
"Bin109",0.00969052845632216,"ASV_51",0.280579487460901,"Bacteria","Acidobacteriota","Blastocatellia","Blastocatellales","Blastocatellaceae","JGI 0001001-H03",NA,"Bacteria",1,"Acidobacteriota",1,"Blastocatellia",1,"Blastocatellales",1,"Blastocatellaceae",1,"Aridibacter",0.649426548866817,"famidurans/nitratireducens",1
"Bin110",0.00793327930503442,"ASV_83",0.250762476120253,"Bacteria","Acidobacteriota","Blastocatellia","Blastocatellales","Blastocatellaceae","Stenotrophobacter",NA,"Bacteria",1,"Acidobacteriota",1,"Blastocatellia",1,"Blastocatellales",1,"Blastocatellaceae",1,"Stenotrophobacter",0.647004228111787,"namibiensis",1
"Bin111",0.00115129199955756,"ASV_286",0.526789838337182,"Bacteria","Acidobacteriota","Blastocatellia","11-24",NA,NA,NA,"Bacteria",1,"Acidobacteriota",1,"Blastocatellia",1,"11-24",1,NA,NA,NA,NA,NA,NA
"Bin112",0.00322095872578298,"ASV_251",0.209096912663035,"Bacteria","Verrucomicrobiota","Verrucomicrobiae","Verrucomicrobiales","Verrucomicrobiaceae","Roseimicrobium",NA,"Bacteria",1,"Verrucomicrobiota",1,"Verrucomicrobiae",1,"Verrucomicrobiales",1,"Verrucomicrobiaceae",1,"Roseimicrobium",1,NA,NA
"Bin113",0.00183595179144226,"ASV_263",0.350036205648081,"Bacteria","Verrucomicrobiota","Verrucomicrobiae","Chthoniobacterales","Xiphinematobacteraceae","Candidatus Xiphinematobacter",NA,"Bacteria",1,"Verrucomicrobiota",1,"Verrucomicrobiae",1,"Chthoniobacterales",0.972483707458363,"Xiphinematobacteraceae",0.606806661839247,"Candidatus Xiphinematobacter",0.647504249729563,"muciniphila",1
"Bin114",0.00288381363214811,"ASV_100",0.575603909275309,"Bacteria","Planctomycetota","Planctomycetes",NA,NA,NA,NA,"Bacteria",1,"Planctomycetota",1,"Planctomycetes",1,"Isosphaerales",1,"Isosphaeraceae",1,"Singulisphaera",1,NA,NA
"Bin115",0.000424090240021781,"ASV_1734",0.114733542319749,"Bacteria","Planctomycetota","Planctomycetes","Gemmatales","Gemmataceae",NA,NA,"Bacteria",1,"Planctomycetota",1,"Planctomycetes",1,"Gemmatales",1,"Gemmataceae",1,NA,NA,NA,NA
"Bin116",0.00159612144880925,"ASV_486",0.21872397134766,"Bacteria","Planctomycetota","Planctomycetes","Gemmatales","Gemmataceae",NA,NA,"Bacteria",1,"Planctomycetota",1,"Planctomycetes",0.977011494252874,"Gemmatales",1,"Gemmataceae",1,NA,NA,NA,NA
"Bin117",0.00197394729901047,"ASV_241",0.376751077586207,"Bacteria","Firmicutes","Bacilli","Thermoactinomycetales","Thermoactinomycetaceae","Shimazuella",NA,"Bacteria",1,"Firmicutes",0.997844827586207,"Bacilli",0.679130669546436,"Thermoactinomycetales",0.679130669546436,"Thermoactinomycetaceae",0.706898974286919,"Shimazuella",0.666367713004484,"ilealis/timonensis",0.495132127955494
"Bin118",0.000509971837217415,"ASV_1558",0.123566214807091,"Bacteria","Firmicutes","Clostridia","Peptostreptococcales-Tissierellales","Tepidimicrobium",NA,NA,"Bacteria",1,"Firmicutes",1,"Clostridia",0.795620437956204,"Clostridiales",0.458289885297185,"Clostridiaceae",0.561302681992337,"Clostridium sensu stricto 1",0.411323896752706,"acetobutylicum/beijerinckii/butyricum/diolis/pasteurianum/roseum/saccharoperbutylacetonicum",0.351170568561873
"Bin119",0.00126083756625911,"ASV_834",0.135596794601434,"Bacteria","Entotheonellaeota","Entotheonellia","Entotheonellales","Entotheonellaceae","Candidatus Entotheonella",NA,"Bacteria",1,"Entotheonellaeota",0.752636018557571,"Entotheonellia",0.752636018557571,"Entotheonellales",0.885388241131233,"Entotheonellaceae",0.889803041635503,"Candidatus Entotheonella",0.886776859504132,NA,NA
"Bin120",0.000342196952293437,"ASV_836",0.485625485625486,"Bacteria","Deinococcota","Deinococci","Deinococcales","Trueperaceae","Truepera",NA,"Bacteria",1,"Deinococcota",0.859362859362859,"Deinococci",0.859362859362859,"Deinococcales",0.859362859362859,"Trueperaceae",0.814296814296814,"Truepera",0.875522138680033,NA,NA
"Bin121",0.0135099994894964,"ASV_53",0.197988624510441,"Bacteria","Gemmatimonadota","Gemmatimonadetes","Gemmatimonadales","Gemmatimonadaceae",NA,NA,"Bacteria",1,"Gemmatimonadota",1,"Gemmatimonadetes",1,"Gemmatimonadales",1,"Gemmatimonadaceae",1,NA,NA,NA,NA
"Bin122",0.00473305978848134,"ASV_159",0.252345373855401,"Bacteria","Gemmatimonadota","Gemmatimonadetes","Gemmatimonadales","Gemmatimonadaceae",NA,NA,"Bacteria",1,"Gemmatimonadota",1,"Gemmatimonadetes",1,"Gemmatimonadales",1,"Gemmatimonadaceae",1,"Roseisolibacter",1,NA,NA
"Bin123",0.000554375015953238,"ASV_1039",0.197601918465228,"Bacteria","Bdellovibrionota","Bdellovibrionia","Bdellovibrionales","Bdellovibrionaceae","OM27 clade",NA,"Bacteria",1,"Bdellovibrionota",1,"Bdellovibrionia",1,"Bdellovibrionales",1,"Bdellovibrionaceae",1,"OM27 clade",1,NA,NA
"Bin124",0.000401223932409322,"ASV_1675",0.125248508946322,"Bacteria","Bdellovibrionota","Bdellovibrionia","Bdellovibrionales","Bdellovibrionaceae","Bdellovibrio",NA,"Bacteria",1,"Bdellovibrionota",1,"Bdellovibrionia",1,"Bdellovibrionales",1,"Bdellovibrionaceae",1,"Bdellovibrio",1,NA,NA
"Bin125",0.00240840714364721,"ASV_279",0.247516007948775,"Bacteria","Bdellovibrionota","Bdellovibrionia","Bdellovibrionales","Bdellovibrionaceae","Bdellovibrio",NA,"Bacteria",1,"Bdellovibrionota",1,"Bdellovibrionia",1,"Bdellovibrionales",1,"Bdellovibrionaceae",1,"Bdellovibrio",1,"bacteriovorus",1
"Bin126",0.00012523291727289,"ASV_1833",0.282377919320594,"Bacteria","SAR324 clade(Marine group B)",NA,NA,NA,NA,NA,"Bacteria",1,"SAR324 clade(Marine group B)",1,NA,NA,NA,NA,NA,NA,NA,NA,NA,NA
"Bin127",0.0112510210072236,"ASV_14",0.541533735082122,"Bacteria","Proteobacteria","Alphaproteobacteria","Dongiales","Dongiaceae","Dongia",NA,"Bacteria",1,"Proteobacteria",1,"Alphaproteobacteria",1,"Dongiales",0.933685182117246,"Dongiaceae",1,"Dongia",1,"rigui",1
"Bin128",0.0235097548731824,"ASV_12",0.268344266003167,"Bacteria","Proteobacteria","Alphaproteobacteria","Azospirillales","Azospirillaceae","Skermanella",NA,"Bacteria",1,"Proteobacteria",1,"Alphaproteobacteria",1,"Azospirillales",0.940680841438589,"Azospirillaceae",0.962800466744457,"Skermanella",0.973885366281547,"aerolata",0.909927154782794
"Bin129",0.00164052462754507,"ASV_275",0.381037277147488,"Bacteria","Proteobacteria","Alphaproteobacteria","Acetobacterales","Acetobacteraceae","Roseomonas",NA,"Bacteria",1,"Proteobacteria",1,"Alphaproteobacteria",1,"Acetobacterales",1,"Acetobacteraceae",1,"Roseomonas",0.851179245283019,"rosea",0.753246753246753
"Bin130",0.00248046260135624,"ASV_257",0.26776717761818,"Bacteria","Proteobacteria","Alphaproteobacteria",NA,NA,NA,NA,"Bacteria",1,"Proteobacteria",1,"Alphaproteobacteria",1,"Reyranellales",1,"Reyranellaceae",1,NA,NA,NA,NA
"Bin131",0.00268758880635747,"ASV_182",0.375049465769687,"Bacteria","Proteobacteria","Alphaproteobacteria","Reyranellales","Reyranellaceae","Reyranella","soli","Bacteria",1,"Proteobacteria",1,"Alphaproteobacteria",1,"Reyranellales",0.8020616513034,"Reyranellaceae",0.8020616513034,"Reyranella",1,"soli",0.872898917798757
"Bin132",0.00339139248368516,"ASV_262",0.190591924735398,"Bacteria","Proteobacteria","Alphaproteobacteria","Caulobacterales","Caulobacteraceae","Phenylobacterium",NA,"Bacteria",1,"Proteobacteria",1,"Alphaproteobacteria",1,"Caulobacterales",0.528655429243434,"Caulobacteraceae",0.528655429243434,"Phenylobacterium",0.694664973007304,"immobile/koreense",0.586118251928021
"Bin133",0.00291465655869515,"ASV_109",0.556011676701332,"Bacteria","Proteobacteria","Alphaproteobacteria","Rhizobiales",NA,NA,NA,"Bacteria",1,"Proteobacteria",1,"Alphaproteobacteria",1,"Rhizobiales",1,NA,NA,NA,NA,NA,NA
"Bin134",0.00388594285762905,"ASV_164",0.279096818337325,"Bacteria","Proteobacteria","Alphaproteobacteria","Rhizobiales","Rhizobiales Incertae Sedis","Nordella","oligomobilis","Bacteria",1,"Proteobacteria",1,"Alphaproteobacteria",1,"Rhizobiales",1,"Rhizobiales Incertae Sedis",0.92582962709545,"Nordella",0.891016916196772,"oligomobilis",0.90223401902234
"Bin135",0.0139598807974066,"ASV_7",0.670914043007066,"Bacteria","Proteobacteria","Alphaproteobacteria","Rhizobiales","Rhizobiaceae","Ensifer","kummerowiae/meliloti","Bacteria",1,"Proteobacteria",1,"Alphaproteobacteria",1,"Rhizobiales",1,"Rhizobiaceae",1,"Ensifer",0.704993495446813,"kummerowiae/meliloti",0.776582376154677
"Bin136",0.000551184368379406,"ASV_726",0.373854317414375,"Bacteria","Proteobacteria","Alphaproteobacteria","Rhizobiales","Rhizobiaceae","Allorhizobium-Neorhizobium-Pararhizobium-Rhizobium",NA,"Bacteria",1,"Proteobacteria",1,"Alphaproteobacteria",1,"Rhizobiales",1,"Rhizobiaceae",1,"Allorhizobium-Neorhizobium-Pararhizobium-Rhizobium",0.899500277623542,"asaccharolyticum/lubricantis/saccharolyticum",1
"Bin137",0.0457560133071275,"ASV_21",0.110298219515597,"Bacteria","Proteobacteria","Alphaproteobacteria","Rhizobiales","Rhizobiaceae","Shinella",NA,"Bacteria",1,"Proteobacteria",1,"Alphaproteobacteria",1,"Rhizobiales",1,"Rhizobiaceae",1,"Allorhizobium-Neorhizobium-Pararhizobium-Rhizobium",0.502029980328026,"adhaerens/fredii/meliloti/sesbaniae",0.316801531366919
"Bin138",0.0251667645131923,"ASV_8",0.318228880530786,"Bacteria","Proteobacteria","Alphaproteobacteria","Rhizobiales","Rhizobiales Incertae Sedis","Nordella",NA,"Bacteria",1,"Proteobacteria",1,"Alphaproteobacteria",1,"Rhizobiales",1,"Devosiaceae",0.590605586781051,"Devosia",0.512183552204524,"humi/insulae",0.727054150114991
"Bin139",0.00766180837396091,"ASV_87",0.258849250416435,"Bacteria","Proteobacteria","Alphaproteobacteria","Rhizobiales","Xanthobacteraceae",NA,NA,"Bacteria",1,"Proteobacteria",1,"Alphaproteobacteria",1,"Rhizobiales",1,"Xanthobacteraceae",1,"Pseudolabrys",0.962942629700796,NA,NA
"Bin140",0.00159000604095941,"ASV_269",0.397658862876254,"Bacteria","Proteobacteria","Alphaproteobacteria","Rhizobiales","Xanthobacteraceae","Rhodoplanes",NA,"Bacteria",1,"Proteobacteria",1,"Alphaproteobacteria",1,"Rhizobiales",1,"Xanthobacteraceae",1,"Rhodoplanes",1,NA,NA
"Bin141",0.0029800648339587,"ASV_203",0.290506780870807,"Bacteria","Proteobacteria","Alphaproteobacteria","Rhizobiales","Xanthobacteraceae","Pseudorhodoplanes",NA,"Bacteria",1,"Proteobacteria",1,"Alphaproteobacteria",1,"Rhizobiales",1,"Xanthobacteraceae",1,"Pseudorhodoplanes",0.976406035665295,NA,NA
"Bin142",0.0119795522032485,"ASV_9",0.606369992231717,"Bacteria","Proteobacteria","Alphaproteobacteria","Rhizobiales","Xanthobacteraceae","Bradyrhizobium",NA,"Bacteria",1,"Proteobacteria",1,"Alphaproteobacteria",1,"Rhizobiales",1,"Xanthobacteraceae",0.984219287537454,"Bradyrhizobium",0.969585122617738,"vulgaris",1
"Bin143",0.00175060196884226,"ASV_364",0.270959902794654,"Bacteria","Proteobacteria","Alphaproteobacteria","Rhizobiales","Xanthobacteraceae","Starkeya","novella","Bacteria",1,"Proteobacteria",1,"Alphaproteobacteria",1,"Rhizobiales",1,"Xanthobacteraceae",0.855946398659967,"Pseudorhodoplanes",0.630077030812325,"novella",0.887120835405271
"Bin144",0.0018875339272192,"ASV_248",0.365262713058177,"Bacteria","Proteobacteria","Alphaproteobacteria","Rhizobiales","D05-2",NA,NA,"Bacteria",1,"Proteobacteria",1,"Alphaproteobacteria",1,"Rhizobiales",1,"D05-2",0.444175792917081,"alphaI cluster",0.381190727081138,"ureilytica",0.758064516129032
"Bin145",0.00440947494703525,"ASV_121",0.351664254703328,"Bacteria","Proteobacteria","Alphaproteobacteria","Rhizobiales","Hyphomicrobiaceae","Hyphomicrobium",NA,"Bacteria",1,"Proteobacteria",1,"Alphaproteobacteria",1,"Rhizobiales",1,"Hyphomicrobiaceae",1,"Hyphomicrobium",0.993773175680403,"aestuarii/vulgare",1
"Bin146",0.00525021058273987,"ASV_128",0.278030993618961,"Bacteria","Proteobacteria","Alphaproteobacteria","Rhizobiales","Hyphomicrobiaceae",NA,NA,"Bacteria",1,"Proteobacteria",1,"Alphaproteobacteria",1,"Rhizobiales",1,"Hyphomicrobiaceae",1,"Pedomicrobium",0.997825476992144,NA,NA
"Bin147",0.00872562345253593,"ASV_39",0.382667519882987,"Bacteria","Proteobacteria","Alphaproteobacteria","Rhizobiales","Methyloligellaceae",NA,NA,"Bacteria",1,"Proteobacteria",1,"Alphaproteobacteria",1,"Rhizobiales",1,"Methyloligellaceae",0.930545511711995,"Rhodomicrobium",0.669270833333333,"defluvii/terrae",0.695364238410596
"Bin148",0.00144536335094571,"ASV_356",0.363318616629875,"Bacteria","Proteobacteria","Alphaproteobacteria","Caulobacterales","Hyphomonadaceae","SWB02",NA,"Bacteria",1,"Proteobacteria",1,"Alphaproteobacteria",1,"Caulobacterales",0.89656557541675,"Hyphomonadaceae",0.89656557541675,"SWB02",0.600582437275986,NA,NA
"Bin149",0.00323691196365214,"ASV_267",0.199030721209134,"Bacteria","Proteobacteria","Alphaproteobacteria","Rhodobacterales","Rhodobacteraceae","Oceanicella",NA,"Bacteria",1,"Proteobacteria",1,"Alphaproteobacteria",1,"Rhodobacterales",1,"Rhodobacteraceae",1,"Amaricoccus",0.525763679086942,"laeviglucosivorans/mutanolyticus/yeei",0.680810938236681
"Bin150",0.00419011792633433,"ASV_123",0.354464115743385,"Bacteria","Proteobacteria","Alphaproteobacteria","Rhodobacterales","Rhodobacteraceae","Rubellimicrobium",NA,"Bacteria",1,"Proteobacteria",1,"Alphaproteobacteria",1,"Rhodobacterales",1,"Rhodobacteraceae",1,"Rubellimicrobium",0.997842502696872,NA,NA
"Bin151",0.00459267129523275,"ASV_167",0.229606900943669,"Bacteria","Proteobacteria","Alphaproteobacteria","Rhizobiales","Beijerinckiaceae","Microvirga",NA,"Bacteria",1,"Proteobacteria",1,"Alphaproteobacteria",1,"Rhizobiales",1,"Beijerinckiaceae",1,"Microvirga",1,"massiliensis",1
"Bin152",0.0441186793271562,"ASV_5",0.284318688603628,"Bacteria","Proteobacteria","Alphaproteobacteria","Rhizobiales","Beijerinckiaceae","Microvirga","arabica/soli","Bacteria",1,"Proteobacteria",1,"Alphaproteobacteria",1,"Rhizobiales",1,"Beijerinckiaceae",1,"Microvirga",0.9203125,"arabica/soli",0.510120888389092
"Bin153",0.00272135649318052,"ASV_174",0.378798241328774,"Bacteria","Proteobacteria","Alphaproteobacteria","Sphingomonadales","Sphingomonadaceae","Altererythrobacter",NA,"Bacteria",1,"Proteobacteria",1,"Alphaproteobacteria",1,"Sphingomonadales",1,"Sphingomonadaceae",1,"Altererythrobacter",1,NA,NA
"Bin154",0.000704867226518961,"ASV_588",0.357223689173897,"Bacteria","Proteobacteria","Alphaproteobacteria","Sphingomonadales","Sphingomonadaceae",NA,NA,"Bacteria",1,"Proteobacteria",1,"Alphaproteobacteria",1,"Sphingomonadales",1,"Sphingomonadaceae",1,"Altererythrobacter",0.937086092715232,NA,NA
"Bin155",0.0116136912814491,"ASV_15",0.494699970237414,"Bacteria","Proteobacteria","Alphaproteobacteria","Sphingomonadales","Sphingomonadaceae","Sphingobium","barthaii/fuliginis/quisquiliarum","Bacteria",1,"Proteobacteria",1,"Alphaproteobacteria",1,"Sphingomonadales",1,"Sphingomonadaceae",1,"Sphingobium",0.902831251760729,"barthaii/fuliginis/quisquiliarum",0.939805149617258
"Bin156",0.00691466506708868,"ASV_91",0.277320618318849,"Bacteria","Proteobacteria","Alphaproteobacteria","Sphingomonadales","Sphingomonadaceae","Ellin6055",NA,"Bacteria",1,"Proteobacteria",1,"Alphaproteobacteria",1,"Sphingomonadales",1,"Sphingomonadaceae",1,"Ellin6055",0.851267628597049,"mucosissima",0.378133102852204
"Bin157",0.0125504122316665,"ASV_36",0.274119740688954,"Bacteria","Proteobacteria","Alphaproteobacteria","Sphingomonadales","Sphingomonadaceae","Sphingomonas","limnosediminicola/parvus","Bacteria",1,"Proteobacteria",1,"Alphaproteobacteria",1,"Sphingomonadales",1,"Sphingomonadaceae",1,"Sphingomonas",1,"limnosediminicola/parvus",0.69767065674539
"Bin158",0.0106846810628685,"ASV_37",0.322632823192734,"Bacteria","Proteobacteria","Alphaproteobacteria","Sphingomonadales","Sphingomonadaceae","Sphingomonas",NA,"Bacteria",1,"Proteobacteria",1,"Alphaproteobacteria",1,"Sphingomonadales",1,"Sphingomonadaceae",1,"Sphingomonas",1,"astaxanthinifaciens",0.8125
"Bin159",0.0168819822004407,"ASV_17",0.331312113146331,"Bacteria","Proteobacteria","Alphaproteobacteria","Sphingomonadales","Sphingomonadaceae","Sphingomonas",NA,"Bacteria",1,"Proteobacteria",1,"Alphaproteobacteria",1,"Sphingomonadales",1,"Sphingomonadaceae",1,"Sphingomonas",0.92080585733036,"oryziterrae",1
"Bin160",0.00662511379976347,"ASV_20",0.804350443472328,"Bacteria","Proteobacteria","Alphaproteobacteria","Azospirillales",NA,NA,NA,"Bacteria",1,"Proteobacteria",1,"Alphaproteobacteria",1,"Azospirillales",0.927899828225296,"Ferrovibrionaceae",0.684630738522954,"Ferrovibrio",0.709166092350103,"soli",1
"Bin161",0.0022430252444036,"ASV_290",0.268966334755808,"Bacteria","Proteobacteria","Alphaproteobacteria","Tistrellales","Geminicoccaceae","Geminicoccus",NA,"Bacteria",1,"Proteobacteria",1,"Alphaproteobacteria",1,"Tistrellales",1,"Geminicoccaceae",1,"Geminicoccus",0.590301409820126,NA,NA
"Bin162",0.00447940330636173,"ASV_165",0.244553926515107,"Bacteria","Proteobacteria","Alphaproteobacteria","Tistrellales","Geminicoccaceae",NA,NA,"Bacteria",1,"Proteobacteria",1,"Alphaproteobacteria",1,"Tistrellales",1,"Geminicoccaceae",1,NA,NA,NA,NA
"Bin163",0.00133767899532889,"ASV_483",0.271914132379249,"Bacteria","Proteobacteria","Alphaproteobacteria","Rickettsiales","Rickettsiaceae","Candidatus Megaira",NA,"Bacteria",0.774597495527728,"Proteobacteria",0.494623655913978,"Alphaproteobacteria",0.494019138755981,"Rickettsiales",0.302311055590256,"Rickettsiaceae",0.375034069228673,"Candidatus Megaira",0.490498386518465,"somerae",1
"Bin164",0.000531508708340778,"ASV_1475",0.106053026513257,"Bacteria","Proteobacteria","Alphaproteobacteria","Micavibrionales",NA,NA,NA,"Bacteria",1,"Proteobacteria",1,"Alphaproteobacteria",1,"Micavibrionales",0.627918781725888,"Candidatus Jidaibacter",0.601485148514851,NA,NA,NA,NA
"Bin165",0.000847914592745744,"ASV_341",0.527751646284102,"Bacteria","Abditibacteriota","Abditibacteria","Abditibacteriales","Abditibacteriaceae","Abditibacterium",NA,"Bacteria",1,"Abditibacteriota",0.844151771715271,"Abditibacteria",0.844151771715271,"Abditibacteriales",0.903962390866353,"Abditibacteriaceae",1,"Abditibacterium",1,NA,NA
"Bin166",0.00067482196186538,"ASV_589",0.400315208825847,"Bacteria","Patescibacteria","Dojkabacteria",NA,NA,NA,NA,"Bacteria",1,"Patescibacteria",1,"Dojkabacteria",0.99645390070922,NA,NA,NA,NA,NA,NA,NA,NA
"Bin167",0.000108216130212455,"ASV_1864",0.287469287469287,"Bacteria","Patescibacteria","Parcubacteria","Candidatus Kaiserbacteria",NA,NA,NA,"Bacteria",1,"Patescibacteria",1,"Parcubacteria",1,"Candidatus Kaiserbacteria",1,NA,NA,NA,NA,NA,NA
"Bin168",0.00379527528907267,"ASV_219",0.214235673252067,"Bacteria","Planctomycetota","Phycisphaerae","Tepidisphaerales","WD2101 soil group",NA,NA,"Bacteria",1,"Planctomycetota",1,"Phycisphaerae",1,"Tepidisphaerales",1,"WD2101 soil group",0.91521220791607,"Tepidisphaera",1,NA,NA
"Bin169",0.000403882805387515,"ASV_607",0.649769585253456,"Bacteria","Planctomycetota","Phycisphaerae","Phycisphaerales","Phycisphaeraceae","SM1A02",NA,"Bacteria",1,"Planctomycetota",1,"Phycisphaerae",1,"Phycisphaerales",1,"Phycisphaeraceae",1,"SM1A02",1,NA,NA
"Bin170",0.000403882805387515,"ASV_1628",0.131665569453588,"Bacteria","Planctomycetota","Phycisphaerae","Phycisphaerales","Phycisphaeraceae","SM1A02",NA,"Bacteria",1,"Planctomycetota",0.99670836076366,"Phycisphaerae",0.99670836076366,"Phycisphaerales",0.99670836076366,"Phycisphaeraceae",1,"SM1A02",0.963258785942492,NA,NA
"Bin171",0.00138447515974509,"ASV_510",0.240061455732668,"Bacteria","Planctomycetota","Phycisphaerae","Phycisphaerales","Phycisphaeraceae","AKYG587",NA,"Bacteria",1,"Planctomycetota",1,"Phycisphaerae",1,"Phycisphaerales",1,"Phycisphaeraceae",1,"AKYG587",0.993768257059396,NA,NA
"Bin172",0.000475406488500906,"ASV_714",0.410514541387025,"Bacteria","Patescibacteria","Saccharimonadia","Saccharimonadales",NA,NA,NA,"Bacteria",1,"Patescibacteria",1,"Saccharimonadia",1,"Saccharimonadales",1,"LWQ8",1,NA,NA,NA,NA
"Bin173",0.0017221520279756,"ASV_268",0.373166589470434,"Bacteria","Patescibacteria","Saccharimonadia","Saccharimonadales",NA,NA,NA,"Bacteria",1,"Patescibacteria",1,"Saccharimonadia",0.993206731511502,"Saccharimonadales",1,"LWQ8",0.641818181818182,NA,NA,NA,NA
"Bin174",0.001212446078056,"ASV_420",0.319078947368421,"Bacteria","Patescibacteria","Saccharimonadia","Saccharimonadales","LWQ8",NA,NA,"Bacteria",1,"Patescibacteria",1,"Saccharimonadia",1,"Saccharimonadales",1,"LWQ8",1,NA,NA,NA,NA
"Bin175",0.00207099616271452,"ASV_493",0.172037488766209,"Bacteria","Patescibacteria","Saccharimonadia","Saccharimonadales","LWQ8",NA,NA,"Bacteria",1,"Patescibacteria",1,"Saccharimonadia",1,"Saccharimonadales",1,"LWQ8",1,NA,NA,NA,NA
"Bin176",0.00423345755587887,"ASV_229",0.180756186408743,"Bacteria","Patescibacteria","Saccharimonadia","Saccharimonadales",NA,NA,NA,"Bacteria",1,"Patescibacteria",1,"Saccharimonadia",1,"Saccharimonadales",1,"Saccharimonadaceae",1,"GTL1",1,NA,NA
"Bin177",0.00274555223728208,"ASV_189",0.335076505907418,"Bacteria","Patescibacteria","Saccharimonadia","Saccharimonadales","Saccharimonadaceae","TM7a",NA,"Bacteria",1,"Patescibacteria",1,"Saccharimonadia",1,"Saccharimonadales",1,"Saccharimonadaceae",1,"TM7a",1,NA,NA
"Bin178",0.00176230100994631,"ASV_466",0.179993964996983,"Bacteria","Patescibacteria","Saccharimonadia","Saccharimonadales","Saccharimonadaceae","TM7a",NA,"Bacteria",1,"Patescibacteria",1,"Saccharimonadia",1,"Saccharimonadales",1,"Saccharimonadaceae",1,"TM7a",1,NA,NA
"Bin179",0.000512098935599969,"ASV_819",0.35981308411215,"Bacteria","Firmicutes","Bacilli","Entomoplasmatales","type III",NA,NA,"Bacteria",1,"Firmicutes",1,"Bacilli",1,"Entomoplasmatales",1,"type III",1,NA,NA,NA,NA
